Outlet_Type,Item_MRP,Actual_Sales,Predicted_Sales
1,79.4302,1743.0644,1274.5045
1,42.7086,356.8688,710.6508
1,42.0454,377.5086,723.66284
3,173.7054,5778.4782,4637.6265
1,197.511,2356.932,3241.0679
1,32.49,865.54,648.07166
3,209.027,4613.994,5543.734
2,142.0154,2410.8618,1922.4401
2,103.1332,1948.1308,1420.5695
2,192.1478,1937.478,2851.9592
0,103.7964,210.3928,274.76514
0,254.1014,255.0014,736.6494
1,240.5222,4541.4218,4042.374
1,49.2008,657.8104,775.3939
1,52.0982,578.5802,785.0643
1,264.3226,4229.1616,4217.913
1,115.5834,1267.0174,1906.3558
1,103.2648,2388.8904,1681.7711
1,120.344,1797.66,2001.235
3,111.1886,4447.544,3089.3467
1,196.2426,2570.6538,3148.8247
1,162.4894,1779.6834,2671.7546
1,182.695,4211.185,3303.3955
1,151.6708,3912.2408,2438.469
1,261.991,2366.919,3928.971
3,50.2324,1298.31,1354.4896
0,151.005,149.805,380.28308
1,228.4668,3916.2356,3995.1965
1,188.0556,2065.3116,3092.717
1,231.43,3029.39,3891.3416
1,49.6692,788.3072,779.3805
1,172.5106,2566.659,2885.2068
1,142.4128,575.2512,2169.5442
1,184.795,1464.76,3229.9666
0,154.1656,617.8624,420.80197
1,81.1302,792.302,1286.659
1,47.2402,505.3422,785.0249
1,121.2072,1470.0864,2100.7751
1,76.8986,467.3916,1278.1993
1,182.3608,551.2824,2815.0063
0,79.2328,154.4656,251.11903
1,128.102,885.514,2140.527
1,90.6488,633.8416,1458.1729
1,93.7778,1783.6782,1493.1722
1,152.334,2603.278,2496.6584
1,85.154,605.878,1407.2067
1,51.535,848.895,780.81085
1,54.0272,447.4176,896.0255
1,254.1014,3315.0182,4020.5486
1,123.1414,4264.449,2137.4521
1,50.8324,934.7832,796.0075
1,143.0786,3178.5292,2151.2458
1,54.3614,718.3982,907.96747
0,53.7324,311.5944,209.25676
1,37.2164,579.246,693.08606
1,117.3492,1506.0396,1917.5087
1,196.7452,978.726,3065.2566
1,128.831,1038.648,2092.1243
1,39.2796,701.7532,684.1823
1,239.6906,2614.5966,4088.7002
1,56.2614,552.614,904.661
0,168.4448,170.4448,429.12958
1,151.8024,1366.2216,2456.7156
3,79.9618,241.6854,2193.677
3,121.044,2396.88,3256.9775
1,165.7842,2652.5472,2680.7693
1,35.1216,830.9184,676.74255
1,225.0404,4950.8888,3657.439
1,41.0138,771.6622,743.4458
1,263.7568,2636.568,3809.075
1,60.8536,1347.5792,902.464
0,149.7708,150.4708,383.49878
1,254.3698,4566.0564,4026.4736
1,129.2626,1311.626,2232.2673
1,98.9358,1508.037,1634.0024
1,77.2644,1335.5948,1285.6726
3,89.7488,1901.5248,2446.1238
1,93.1436,2174.5028,1453.3856
1,174.2422,1379.5376,2881.7039
1,176.4344,2141.2128,2878.4143
1,53.2614,552.614,875.17883
3,147.3734,3266.4148,3718.8418
1,245.6144,3920.2304,3989.1658
3,84.5908,3020.0688,2215.7314
1,177.4028,3896.2616,2977.9043
1,147.5392,3877.6192,2438.469
1,220.5114,5321.0736,3528.5735
1,88.3514,1416.8224,1503.1978
1,211.7244,2752.4172,3520.991
3,94.8778,4036.7454,2584.3005
3,219.8456,1547.3192,5518.9497
1,62.9168,1406.1696,1102.9963
1,52.5324,1194.4452,859.993
1,147.7102,1895.5326,2477.8235
1,49.8008,1062.6168,787.0874
1,50.2034,1166.4816,776.41797
1,61.651,379.506,909.91223
1,42.7454,293.6178,712.513
2,96.9094,1332.9316,1298.1042
0,45.5718,47.2718,171.49718
1,148.8708,3761.77,2470.439
1,240.6854,1691.7978,3950.8733
2,259.7304,3616.6256,3633.4968
1,48.5692,886.8456,782.58014
1,151.1024,1518.024,2443.1572
1,61.9536,1225.072,921.61536
1,72.4038,739.038,1127.5531
1,179.1976,3803.0496,3013.4932
1,45.9376,575.2512,778.60675
1,103.199,722.393,1659.5255
1,36.6506,607.2096,668.5742
1,147.6076,3251.7672,2461.4624
1,93.212,1957.452,1434.1904
3,89.7856,966.7416,2396.103
0,180.1976,181.0976,519.30365
1,41.577,735.709,735.2529
3,234.5616,6796.4864,6141.1255
0,206.8638,207.0638,626.2701
1,108.6912,2183.824,1703.4708
1,179.6976,5070.7328,2917.1768
2,144.3444,1161.1552,2188.9182
1,243.0196,3374.2744,3763.9946
1,147.776,2490.092,2451.3682
1,60.5904,410.1328,950.45953
1,182.4266,5163.9448,3292.1914
1,111.4544,2013.3792,1857.4701
0,99.0384,197.0768,296.2553
1,174.2054,3677.2134,2933.0571
1,43.3086,758.3462,698.23175
1,262.7594,7064.8038,4130.108
0,199.3426,395.4852,677.14166
1,75.8696,2386.2272,1225.4288
1,123.8414,487.3656,2111.572
1,199.6084,3769.7596,3169.1985
1,113.4518,1593.9252,1909.9335
3,55.5588,1145.176,1761.9868
1,121.7072,367.5216,2088.2644
1,182.5292,2736.438,3417.8208
1,176.937,4234.488,2987.9287
1,230.5352,2748.4224,3819.4602
3,196.4768,6306.4576,5284.796
1,260.4278,3644.5892,5188.376
2,118.115,1864.24,1640.9747
1,160.0578,2567.3248,2654.7148
1,148.6418,1765.7016,2446.4648
1,172.8396,2616.594,2885.2068
1,130.2626,3016.7398,2163.6558
1,199.0426,3361.6242,3183.9763
1,183.795,2929.52,3200.3484
1,111.4228,2984.1156,1848.4028
0,181.1634,181.7634,521.6555
1,36.9874,705.748,664.6008
2,77.9986,1168.479,1163.3844
1,191.553,6641.355,3178.4429
0,94.841,193.082,250.99777
3,100.9332,1743.0644,2689.3875
0,74.0354,75.2354,240.06519
1,245.4144,7105.4176,4187.533
1,129.9284,1845.5976,2117.1055
1,166.4842,1326.2736,2837.9521
0,43.9428,131.8284,139.22073
1,96.9726,1076.5986,1520.2272
1,141.3154,3261.7542,2137.5742
1,121.3098,843.5686,2081.0571
3,102.3332,1948.1308,2524.092
2,41.748,199.74,587.4226
3,177.637,5469.547,4926.955
2,93.1462,647.8234,1276.1364
2,120.3098,1446.1176,1799.3322
1,116.5466,1885.5456,1893.1805
3,92.712,3635.268,2529.288
1,111.686,1584.604,1836.8518
2,146.8418,2059.9852,2147.7534
0,227.801,459.402,794.1844
1,189.5188,1904.188,3223.3018
3,107.8254,1410.8302,2726.5256
2,103.3306,2404.2038,1496.3505
1,188.3898,3554.7062,3065.2566
1,224.5062,4514.124,3628.378
1,48.2034,874.8612,779.3805
0,254.2698,1775.6886,577.01526
0,55.893,226.372,191.99374
1,99.2016,1518.024,1651.239
3,94.5462,2868.9322,2592.356
1,112.4544,2460.7968,1852.3081
3,105.199,3199.169,2719.971
0,179.9976,181.0976,514.5736
1,38.6506,759.012,713.29395
3,146.6102,1895.5326,3718.8418
1,37.3506,834.9132,618.2913
1,86.5198,1395.5168,1380.3351
1,150.7366,2418.1856,2416.4438
1,193.6478,3099.9648,3151.1765
1,49.8008,809.6128,778.60675
1,103.5332,3383.5956,1705.4949
1,105.4622,952.7598,1642.0308
1,149.2708,2407.5328,2562.2935
1,98.6384,1970.768,1583.7433
2,178.566,898.83,2711.2598
1,110.4912,1310.2944,1775.4672
1,157.0946,5522.811,2627.8452
1,98.441,868.869,1623.9777
1,224.0772,1556.6404,3453.6655
3,105.7648,2596.62,2779.6287
1,103.1332,3281.0624,1696.7188
1,142.247,2433.499,2143.16
1,38.6848,1155.8288,692.89526
1,79.8644,785.644,1276.0409
1,94.0462,1480.7392,1503.0731
1,178.6002,3582.004,2855.5466
1,185.6924,3331.6632,3148.8247
1,84.4566,591.8962,1379.5555
1,85.5908,1006.6896,1385.0546
2,132.8626,524.6504,1839.6443
1,79.2644,864.2084,1283.0021
0,91.0488,271.6464,247.72557
1,261.9252,4984.1788,4205.904
3,151.6708,4815.0656,3775.6968
1,113.286,1471.418,1947.7695
3,146.7102,4374.306,3773.345
1,120.8072,4287.752,2088.9219
1,208.9928,2103.928,3552.115
3,125.9336,7158.6816,3229.7886
1,50.3034,972.068,779.35834
2,101.299,1857.582,1441.5652
3,207.1638,7247.233,5382.714
1,179.5344,4103.9912,2859.235
1,187.8556,1314.2892,3148.8247
2,82.4276,1218.414,1231.1764
3,171.7422,6207.9192,4691.119
1,224.4404,1800.3232,3657.325
1,105.528,2024.032,1673.8635
1,154.9972,3739.1328,2445.554
1,34.9874,529.311,666.7715
1,262.0594,1569.9564,4168.9683
1,117.3124,2014.7108,1986.7715
1,105.728,2024.032,1653.4264
2,149.2392,4026.7584,2057.267
1,143.447,2576.646,2207.446
1,168.6816,1342.2528,2847.1914
1,123.4072,3185.1872,2079.193
1,124.6388,2105.2596,2096.9648
1,149.9708,2106.5912,2438.431
0,207.727,209.727,643.98944
1,196.411,2749.754,3200.4678
1,194.2478,2712.4692,3151.1384
1,147.7734,2078.6276,2421.6472
0,49.4034,194.4136,166.22015
3,88.9856,3515.424,2396.103
1,33.6874,1023.3346,646.4147
1,58.5904,996.0368,928.7274
2,177.0686,1422.1488,2736.565
3,160.792,3675.216,3982.7046
2,65.8168,830.9184,939.3876
1,149.7734,2375.5744,2421.6472
2,199.7084,3571.3512,2898.3389
3,158.363,4068.038,3979.9622
0,210.9928,210.3928,744.88855
1,94.012,1211.756,1512.002
0,98.2042,198.4084,289.35797
1,189.2188,4570.0512,3167.057
3,152.7366,1813.6392,3725.1516
1,183.9582,5386.9878,3154.903
0,189.453,759.012,522.4763
2,139.8496,1270.3464,1842.9927
1,48.6692,1182.4608,773.8042
1,100.5332,2460.7968,1659.5255
1,156.6288,3928.22,2406.1526
1,197.6084,2380.9008,3131.7642
3,107.8254,2387.5588,2720.653
1,149.0076,1182.4608,2436.8474
3,37.919,768.999,1045.9299
1,234.2616,4687.232,3893.375
0,40.348,39.948,113.41045
1,144.6102,2916.204,2417.019
1,170.5422,2759.0752,2820.5469
0,147.2076,739.038,440.8057
1,170.7448,2045.3376,2914.825
1,174.0422,2586.633,2914.2976
1,40.1164,540.6296,740.04297
1,254.5014,4845.0266,3959.2258
1,222.7746,1570.6222,3695.4912
2,214.4218,1496.0526,3093.5752
2,102.899,1651.184,1603.8588
1,208.927,7130.718,3456.749
1,105.6622,1693.7952,1690.7261
0,232.9958,934.7832,590.10596
1,122.873,2832.979,2092.0588
1,58.3904,468.7232,931.0793
1,153.8998,2922.1962,2429.2615
1,258.4988,4111.9808,4189.284
1,76.0354,601.8832,1242.117
3,248.375,10236.675,6356.265
1,102.5674,1629.8784,1665.9602
1,131.531,1428.141,2143.2324
1,194.4478,387.4956,3151.1765
0,110.657,659.142,288.3004
1,159.9578,2727.7826,2575.3755
0,107.6938,214.3876,286.97534
1,86.0198,1569.9564,1372.071
0,114.7518,455.4072,281.32318
1,89.6488,1267.6832,1426.0902
3,145.5102,5978.2182,3716.49
2,189.7504,2492.7552,2934.3713
1,144.847,1717.764,2470.439
1,176.1028,1948.1308,2914.2595
0,189.1846,382.1692,527.36316
1,43.8428,175.7712,707.718
1,110.8544,1677.816,1766.5566
0,169.879,339.558,546.2035
3,149.1734,4454.202,3294.9897
1,146.4734,3563.3616,2403.2754
0,188.9556,563.2668,559.198
0,216.1166,435.4332,573.6951
0,140.6154,283.6308,387.4924
1,113.7544,671.1264,1920.767
3,119.8124,1659.1736,3175.0425
1,57.0614,939.4438,929.479
1,105.5306,940.7754,1590.3896
1,101.399,2063.98,1649.6093
1,181.2976,3078.6592,2922.63
0,56.9614,221.0456,199.1953
0,213.756,852.224,500.03265
1,147.4102,2478.7734,2379.6626
2,118.1782,2621.9204,1562.8073
3,92.5488,2625.9152,2476.185
1,164.2184,1981.4208,2767.9517
1,245.246,3202.498,3855.7393
1,104.3332,1435.4648,1690.5964
1,76.0328,1853.5872,1238.9174
0,155.563,469.389,400.41803
3,177.037,3352.303,4742.7114
1,58.022,659.142,930.30554
1,122.5388,371.5164,2098.4595
0,179.1976,543.2928,475.9917
1,117.5492,1390.1904,1980.5258
1,128.402,2403.538,2137.8608
1,263.791,4207.856,4183.959
0,82.7908,83.8908,248.6753
3,264.0884,4504.8028,3713.7227
1,218.5798,4407.596,3392.474
1,124.0046,1618.5598,2100.4924
2,56.7614,1049.9666,758.66815
1,44.777,605.878,708.649
1,266.2884,2914.8724,4100.064
1,196.5452,3131.9232,3187.1045
1,262.2568,3954.852,4092.3372
1,32.8558,645.1602,656.99664
3,174.0712,3866.9664,4643.936
1,46.5718,1607.2412,777.8953
2,55.2614,552.614,783.696
1,148.0418,1471.418,2419.8345
1,57.893,622.523,930.26935
1,90.3146,2554.0088,1459.3597
1,122.4388,1238.388,1968.3818
0,112.7886,222.3772,278.819
1,75.367,535.969,1148.7242
0,59.522,299.61,227.60625
1,142.747,3149.234,2143.16
1,93.612,1584.604,1511.4872
0,261.291,788.973,595.1654
2,112.1228,1105.228,1605.8379
1,39.2848,857.5504,711.6551
1,148.6418,2648.5524,2477.0298
1,101.699,2373.577,1671.5558
2,116.5808,2460.7968,1676.4119
3,146.6418,4414.254,3716.49
0,119.5466,117.8466,287.83847
3,237.5222,7170.666,6235.9883
1,199.1084,396.8168,3188.479
1,231.03,5359.69,3812.363
1,95.6436,1134.5232,1501.0432
1,78.296,1438.128,1311.6177
1,123.2072,1225.072,2083.264
1,104.4964,2419.5172,1664.3666
2,100.0016,1012.016,1451.6389
1,164.1184,2807.0128,2674.1003
1,180.3976,3078.6592,2892.9736
1,102.999,2992.771,1678.8442
3,120.044,4434.228,3138.2385
1,185.2898,3367.6164,3148.8247
3,93.9094,3903.5854,2616.1963
1,216.1166,5007.4818,3506.5093
3,232.9616,3515.424,6241.99
1,197.2426,2966.139,3199.0269
1,54.0614,1160.4894,928.7274
1,248.3408,751.0224,4004.0933
1,199.9084,2380.9008,3169.1985
3,43.7454,671.1264,1069.2347
3,86.9198,1569.9564,2399.1035
1,49.0692,1478.076,816.9295
1,45.806,1165.15,778.6819
1,173.8396,1221.0772,2923.7026
1,78.067,2220.443,1314.2831
1,260.9594,2878.2534,4218.936
1,129.6626,1836.2764,2233.0908
3,123.1756,3998.7948,3225.7205
1,250.1092,5727.2116,3864.5234
0,52.1008,50.6008,186.68285
1,146.4418,3089.9778,2459.3113
1,75.4696,1416.8224,1084.7749
1,157.663,2659.871,2600.5789
3,60.5536,2143.876,1761.9868
0,260.0936,260.9936,727.4897
0,34.0532,179.766,67.5093
2,180.3318,2886.9088,2630.2676
0,37.9532,71.9064,88.87442
1,248.175,3495.45,4183.264
1,110.557,3844.995,1732.733
2,195.3478,1937.478,2443.9915
1,132.9626,2360.9268,2261.8855
1,168.279,4074.696,2827.7954
1,88.5198,1133.8574,1442.227
1,56.6614,1492.0578,915.02655
1,177.1054,3151.8972,2914.825
1,182.4976,1629.8784,3376.3674
2,173.8422,3448.844,2630.2676
1,217.3192,5608.6992,3375.812
3,184.2608,6064.1064,5115.565
1,245.546,1724.422,4063.0066
2,256.433,3844.995,3571.683
3,156.9604,1584.604,3979.9622
1,64.2168,1661.8368,1072.1359
0,184.0924,555.2772,533.9413
0,234.0958,467.3916,741.5308
2,189.0846,5350.3688,2823.5664
1,98.341,1351.574,1586.8228
2,47.2402,918.804,700.8671
1,50.5324,882.8508,763.5847
1,246.9802,5896.3248,3998.2693
1,156.863,2972.797,2594.2537
1,117.2124,2133.2232,1841.2737
1,241.3854,2900.2248,3989.1658
1,183.1634,5634.6654,3169.4087
0,245.7802,245.6802,679.0547
1,76.5354,1655.1788,1233.3408
3,192.4478,8912.3988,5275.923
1,143.4154,3545.385,2186.5884
0,193.3162,192.4162,556.9095
1,239.4538,4566.7222,4088.144
3,37.7506,796.9626,1036.2747
1,155.134,2603.278,2482.367
0,54.593,56.593,180.22975
2,119.8466,2239.0854,1743.8425
3,178.5344,2854.9504,4794.3765
1,37.2506,265.6542,668.5742
1,44.9086,802.9548,700.43134
0,44.2086,44.6086,126.66153
1,122.9072,490.0288,2091.742
1,37.4848,111.8544,662.61755
2,140.1496,846.8976,1886.652
1,114.7834,3455.502,1976.2542
3,189.9846,6114.7072,5102.3066
1,167.1132,2874.9244,2841.5332
1,188.1872,2458.1336,3123.844
1,112.4886,1223.0746,1880.0955
3,222.7088,4026.7584,5613.201
1,198.7768,4532.7664,3122.4666
0,145.976,585.904,377.1891
1,140.5838,2669.1922,2126.5818
0,36.3874,105.8622,103.785515
1,43.9428,351.5424,720.74335
1,146.2418,4414.254,2459.3113
1,173.6738,2954.1546,2770.1733
1,184.4608,4042.7376,3226.483
1,103.099,1341.587,1683.8469
1,79.4618,1772.3596,1296.3251
1,173.4764,2404.8696,2906.4312
1,118.3124,1540.6612,1901.6969
1,146.0444,2612.5992,2425.6807
1,199.8084,2380.9008,3136.126
1,103.2332,1845.5976,1664.2369
1,87.0198,697.7584,1363.5312
1,173.408,1038.648,2818.773
3,110.157,2306.997,2858.8303
1,261.291,3418.883,4198.177
2,39.9822,78.5644,546.05194
1,62.4536,1225.072,922.517
1,255.5698,1522.0188,4043.6375
1,196.7426,2768.3964,3256.1184
0,103.3648,311.5944,275.31506
1,78.2644,1492.7236,1281.0756
2,43.2796,123.8388,586.6966
0,78.6618,80.5618,271.85373
2,77.5012,1518.024,1116.8607
1,216.9192,6471.576,3612.467
2,239.1538,4326.3684,3705.0593
1,232.23,1398.18,4022.198
1,48.7692,1231.73,781.73236
1,66.3826,1937.478,1033.8702
2,125.073,985.384,1824.9498
1,78.3302,1267.6832,1281.4657
1,228.4668,2534.0348,3938.093
1,188.753,7590.12,3167.057
1,193.9452,1565.9616,2721.776
1,51.464,692.432,780.2699
1,131.4626,1705.1138,2143.16
1,181.2634,2362.9242,2917.1768
2,238.8538,4566.7222,3724.6997
1,169.2816,1174.4712,2762.151
1,247.2092,3486.1288,3938.6077
1,173.6422,517.3266,2998.485
2,150.3392,447.4176,2155.5195
2,181.2292,2554.0088,2840.895
1,113.7544,3243.7776,1922.3114
0,49.8008,303.6048,173.49927
1,89.1172,892.172,1405.154
1,53.2982,736.3748,871.1208
1,111.0886,222.3772,1735.4933
0,102.7332,410.1328,284.0531
1,88.8856,439.428,1417.412
1,110.3912,3275.736,1751.0071
1,39.5138,568.5932,711.80585
1,147.805,1947.465,2455.9412
2,44.177,173.108,543.03735
1,83.825,665.8,1356.1062
2,90.4172,1249.0408,1236.4459
1,119.7098,1807.647,2052.5132
0,106.2596,215.7192,301.70563
3,41.2454,1342.2528,1076.5381
1,102.3016,1619.2256,1651.239
1,108.7228,1215.7508,1672.4038
3,263.7226,6872.3876,3719.271
1,164.6184,3797.7232,2749.8723
1,246.1486,5375.6692,3883.3425
1,90.5146,729.7168,1451.182
1,156.5288,1571.288,2474.33
3,120.5072,2695.1584,3172.6907
1,141.8838,1966.7732,2171.0608
1,131.531,2856.282,2234.7124
1,155.2288,1257.0304,2431.8442
3,150.9024,4857.6768,3716.49
0,43.4086,44.6086,139.22073
3,248.8092,6474.2392,6416.5186
3,65.7168,2237.088,1945.5029
1,124.773,2956.152,2134.412
0,172.2764,171.7764,478.34363
1,106.128,319.584,1657.0052
2,76.2354,1279.0018,1088.3519
2,198.7768,3153.2288,2907.842
1,143.7154,3119.9388,2533.9856
1,189.5872,3403.5696,3148.8247
1,91.0146,729.7168,1420.1456
0,80.3644,157.1288,231.75
1,210.527,6291.81,3329.1782
1,104.9622,1164.4842,1642.0691
1,98.0384,2857.6136,1505.2908
1,181.566,2876.256,3011.992
1,177.3028,1948.1308,2884.0557
1,147.876,4540.756,2438.469
1,127.8652,2195.8084,2087.6653
0,221.2456,663.1368,560.7792
2,146.5076,1330.2684,2235.2732
2,61.4852,1314.2892,772.1936
0,145.0128,143.8128,374.83716
1,55.3588,1030.6584,895.8851
1,233.9958,1869.5664,3791.4487
1,66.8142,2372.9112,1059.7799
1,85.225,1081.925,1374.6373
1,152.3024,1518.024,2443.1572
1,153.434,1378.206,2457.7988
1,177.966,3415.554,2885.2068
1,89.9172,1516.6924,1454.9828
1,262.191,6048.793,4046.6226
1,217.3166,1306.2996,3506.5093
1,245.1802,2456.802,3991.5176
1,156.9288,1571.288,2591.6023
1,126.7678,1907.517,2070.8647
1,117.2466,2239.0854,1938.7094
1,183.5634,4725.8484,3157.4863
1,158.1288,3299.7048,2567.0137
0,164.6526,657.8104,512.12
0,107.128,319.584,286.97534
1,113.1834,3109.9518,1938.1091
0,185.4266,184.4266,495.1631
1,115.1176,1488.7288,1945.7607
1,55.2956,1255.6988,895.8851
3,124.6046,2863.6058,3229.7886
0,183.6924,555.2772,600.6659
1,181.195,2380.235,2995.2937
1,221.5456,6852.4136,3717.896
2,53.3298,539.298,1141.845
1,55.593,282.965,894.4415
1,261.5936,6002.8528,4106.407
3,184.7266,8114.7704,5098.8667
2,240.9196,4579.3724,3576.0554
1,218.7166,4136.6154,3471.7083
0,129.3336,127.8336,318.6462
3,95.0752,2588.6304,2575.1304
1,223.5772,2668.5264,3622.155
1,157.8288,2514.0608,2585.1887
1,126.3046,747.0276,2060.5881
1,91.883,2606.607,1456.0208
3,220.8456,4199.8664,5324.397
1,52.4324,571.2564,871.1208
1,43.0086,490.6946,705.309
1,155.2972,3583.3356,2494.2808
1,152.6998,3383.5956,2434.196
1,125.8046,747.0276,2092.2766
1,149.4734,2969.468,2439.4363
2,65.7826,968.739,931.73236
3,182.9608,1653.8472,5254.5254
0,245.3118,247.0118,565.03015
1,151.7366,3325.0052,2420.4956
1,185.2608,2940.1728,3163.1863
1,102.899,2167.179,1685.1461
3,99.9042,3273.7386,2701.846
1,131.2968,1957.452,2116.1624
1,108.757,1867.569,1685.7445
1,150.0734,4454.202,2431.8442
1,48.1718,709.077,768.84827
1,238.1248,4266.4464,4011.5322
1,36.819,768.999,658.042
1,180.8292,3466.1548,2922.63
1,163.221,2773.057,2698.8804
1,175.537,3705.177,3033.996
0,39.8506,75.9012,112.83988
1,128.102,1265.02,2060.55
1,87.0856,527.3136,1377.5889
1,180.9976,4165.2448,2893.0117
1,220.8772,4225.1668,3332.4163
1,189.0846,4012.7766,3178.4429
3,78.467,3292.381,2188.8828
1,75.7328,617.8624,1231.9562
1,132.0968,3914.904,2139.926
3,111.5228,1768.3648,3075.3833
2,143.9786,866.8716,2173.653
1,98.1726,587.2356,1542.3855
2,227.9352,4809.7392,3354.9558
1,197.9742,995.371,3133.736
3,143.8128,4458.1968,3749.949
2,62.751,1707.777,930.43274
1,85.6198,610.5386,1407.2067
2,102.1332,615.1992,1420.5695
1,206.8638,2070.638,3525.4133
2,104.9622,1482.0708,1497.6501
1,102.7648,1142.5128,1655.3733
1,38.119,732.38,718.006
0,263.291,525.982,668.2285
0,74.8012,303.6048,286.22922
1,178.437,1235.059,3000.8577
0,81.4618,161.1236,255.99445
1,165.6526,1315.6208,2676.796
3,224.4404,6976.2524,5531.5615
0,131.3942,397.4826,319.31854
2,109.0596,1941.4728,1455.4642
1,251.9724,3523.4136,4053.816
0,97.2726,195.7452,260.92728
0,33.39,33.29,67.5093
1,134.2942,1192.4478,2137.5742
1,236.5248,4029.4216,4023.8354
1,103.8674,509.337,1728.2784
1,95.3752,1438.128,1548.3921
1,196.3768,4138.6128,3137.517
1,38.319,292.952,688.4881
2,75.2038,517.3266,1000.9666
2,146.6102,2770.3938,2195.9846
1,112.0202,337.5606,1890.7501
1,231.33,4660.6,3775.5513
1,42.5138,649.8208,714.7003
0,58.8904,58.5904,181.89325
3,184.6608,2756.412,5102.3066
1,110.2886,1890.2062,1763.7617
1,125.2362,1384.1982,2094.6284
1,85.6908,1593.9252,1414.6724
1,112.7886,1779.0176,1849.7224
1,99.8358,1910.1802,1623.7853
1,141.8496,2399.5432,2117.0674
1,108.8596,970.7364,1673.8635
1,42.5454,419.454,712.513
0,160.9552,162.4552,414.21237
0,162.3552,487.3656,433.6224
1,157.4288,2042.6744,2591.6023
1,80.196,2157.192,1276.0409
3,175.4738,2954.1546,4635.2744
1,148.3392,3877.6192,2468.0872
0,194.711,196.411,523.6276
2,122.5388,1609.9044,1848.492
1,114.386,1245.046,1928.3562
1,184.8582,4643.955,3246.1323
1,165.3526,3453.5046,2755.2095
2,179.7634,1817.634,2650.8516
1,103.6648,2285.0256,1536.0438
1,97.9042,1686.4714,1548.6578
3,147.476,3368.948,3730.0674
1,115.6176,2519.3872,1901.8615
1,82.3618,1208.427,1385.724
3,89.1856,2109.2544,2361.1162
1,115.5808,1874.8928,1942.9742
1,142.247,2862.94,2131.112
0,120.0414,487.3656,330.18008
1,179.466,3775.086,2887.5586
1,156.5288,2356.932,2514.9224
0,89.4172,178.4344,265.41965
1,100.0042,2976.126,1690.1277
1,54.793,622.523,895.8851
1,185.7582,3529.4058,3154.903
1,199.3426,2372.9112,3188.479
2,113.2202,2025.3636,1572.9199
1,194.811,2749.754,3095.4878
1,125.2678,1017.3424,2117.1897
1,182.5608,3307.6944,3420.456
2,247.775,3745.125,3447.3025
1,125.1388,1114.5492,2115.4707
1,182.4634,1999.3974,3351.2458
0,118.9098,120.5098,290.61115
2,112.3886,1779.0176,1625.4728
1,87.6856,1494.0552,1379.6603
0,76.867,229.701,260.41745
1,40.6164,308.9312,708.2126
1,100.57,1398.18,1678.7491
1,35.0874,458.7362,647.20905
2,53.7298,593.2278,774.9658
3,198.5768,6897.688,5218.7754
1,173.6054,2626.581,2929.4102
1,208.9612,4181.224,3407.9116
2,57.7588,1145.176,761.55035
1,80.8618,1288.9888,1291.957
1,48.8034,777.6544,779.35834
1,105.2622,2328.9684,1762.0922
1,177.9344,4460.86,2878.4143
1,146.8418,1765.7016,2411.834
2,264.691,5785.802,3815.694
2,48.4692,591.2304,652.50415
0,117.5808,351.5424,302.72363
1,73.9354,1655.1788,1053.9271
1,256.5672,4090.6752,4142.2793
1,116.7834,2303.668,1916.5764
1,125.1678,1907.517,2203.842
1,130.131,1038.648,2132.6191
1,113.3834,2073.3012,1923.7228
3,228.5668,3225.1352,6596.6123
1,101.87,1697.79,1659.5638
3,241.8854,4592.0226,6207.3945
1,119.9098,2048.6666,2037.5977
1,119.8124,1896.1984,2061.553
0,81.096,159.792,283.21127
1,184.195,2746.425,3151.1765
1,128.2994,1413.4934,2104.3267
0,182.2634,363.5268,495.6656
0,103.699,412.796,255.32144
1,260.0594,6018.1662,4366.0557
3,178.1344,3747.1224,4986.3174
0,138.7838,280.9676,322.57782
0,165.3158,334.2316,428.15036
1,197.611,2553.343,3211.4116
2,182.5266,1290.9862,3069.9382
2,75.267,612.536,979.53455
1,196.9768,2759.0752,3178.4429
1,99.4384,1379.5376,1650.1693
1,76.1986,1869.5664,1268.5352
3,183.495,4577.375,5182.956
1,91.4488,2082.6224,1458.676
1,223.9404,4950.8888,3643.7341
2,142.4838,561.9352,2169.7986
0,57.7588,57.2588,187.86221
1,149.3708,1203.7664,2454.5305
1,196.5452,2348.9424,3065.2185
1,197.1426,3954.852,3148.7866
0,196.3426,790.9704,457.7808
1,181.7634,2544.6876,2905.7527
1,94.3436,2363.59,1530.661
1,256.1356,4578.0408,4173.6084
1,126.2046,1369.5506,2121.8948
1,98.3042,1488.063,1588.546
1,114.7176,2404.8696,1945.7607
1,48.8376,1294.3152,772.82855
1,141.2496,2681.8424,2169.1494
3,227.272,7017.532,5572.2295
0,196.9084,595.2252,526.4547
2,110.3228,2763.07,1474.6865
3,199.6084,7142.7024,5260.8726
1,127.6678,2924.8594,2065.8198
1,100.07,2596.62,1685.1461
2,230.2694,3197.1716,3335.488
1,76.367,765.67,1248.0466
1,173.2764,3779.0808,2917.1768
0,172.0422,517.3266,461.8671
1,53.2324,727.0536,863.969
1,39.9822,746.3618,728.78046
3,39.0164,1042.6428,1029.7299
1,175.6712,2812.3392,2895.3635
1,190.8162,2693.8268,3190.4526
0,141.7154,425.4462,368.54172
3,78.9986,2259.0594,2156.6125
1,78.7328,1390.1904,1286.9755
1,240.288,2396.88,3983.552
1,88.7856,1142.5128,1414.2445
1,95.7068,1166.4816,1574.7842
3,93.3462,1018.0082,2448.423
1,127.2678,1017.3424,2065.7817
1,63.2536,1347.5792,1054.7983
3,75.867,2450.144,2115.1057
1,118.7124,2607.2728,1955.9026
3,246.9118,5681.2714,6225.1597
3,176.9054,4202.5296,4637.6265
0,49.5376,95.8752,172.19963
1,228.6668,3455.502,3902.6946
0,88.6856,351.5424,253.41435
0,130.031,129.831,324.04855
0,156.6288,628.5152,387.87793
3,193.3794,8388.4142,5273.571
1,140.818,3495.45,2191.9636
1,225.9036,3643.2576,3801.4722
1,129.7626,3016.7398,2163.6558
1,190.6872,4916.2672,3219.0752
1,150.8392,2982.784,2475.152
0,92.9804,183.7608,271.59204
1,243.4854,1691.7978,3950.8733
3,151.2682,2439.4912,3716.49
0,130.5626,131.1626,312.113
1,178.3028,2479.4392,2623.3574
0,258.3278,520.6556,1617.6351
1,251.8698,3551.3772,3781.2893
1,114.8518,1707.777,1879.5988
1,87.7198,1831.6158,1396.1204
1,259.2646,9275.9256,4114.012
1,163.821,2120.573,2675.9082
1,265.8884,2649.884,4118.4805
1,194.1478,5812.434,3200.469
1,84.1592,1073.2696,1328.741
1,118.244,958.752,1911.812
1,156.7946,3629.2758,2491.929
1,92.3462,2406.2012,1476.2725
1,97.841,1255.033,1519.5172
2,109.8596,1617.894,1451.4395
1,132.2942,2252.4014,2137.5742
1,60.622,2576.646,923.21564
1,64.7826,904.1564,1061.4431
0,120.5414,365.5242,300.113
3,88.9198,3139.9128,2446.1238
2,93.1436,1418.154,1257.9766
0,66.0826,258.3304,241.8247
1,100.1042,1289.6546,1690.1193
1,197.8768,3744.4592,3211.4116
1,198.5426,1384.1982,3186.1272
1,90.2514,619.8598,1383.721
2,36.0848,372.848,511.51102
1,163.9184,3137.2496,2674.1003
1,79.1328,1235.7248,1301.332
1,43.9402,1286.3256,726.8231
1,126.3046,2614.5966,2154.2368
0,228.9352,916.1408,590.48737
0,154.6656,308.9312,366.49283
3,165.6526,4769.1254,4147.875
1,50.7692,1034.6532,779.3805
1,263.491,1840.937,4137.602
1,225.1088,3579.3408,3878.8062
1,237.988,7190.64,4087.336
1,155.0972,3894.93,2403.2754
1,150.6024,2428.8384,2440.7827
1,56.7904,1113.2176,898.33575
1,83.3566,1860.2452,1348.4243
3,145.8444,3773.7544,3725.1516
1,159.7604,2693.8268,2636.5068
2,66.2142,131.8284,894.6761
2,97.141,1448.115,1275.8961
0,249.9092,249.0092,699.06793
1,141.6154,3829.0158,2231.7805
2,228.0352,2748.4224,3392.232
1,38.948,519.324,699.57574
1,91.4462,1943.4702,1434.1904
1,170.5106,2395.5484,2811.915
1,182.1318,2345.6134,3342.7598
1,87.3514,1062.6168,1380.2518
1,116.5492,810.9444,1955.9026
3,64.4826,2518.7214,1894.8109
1,168.379,1188.453,2785.28
0,174.937,176.437,461.55777
1,231.1668,6911.004,4046.7888
1,260.6278,4425.5726,4174.4297
1,51.9982,999.3658,780.81085
2,255.1356,3815.034,3269.1655
1,175.137,2822.992,2891.0715
1,112.4518,3301.7022,1908.2711
1,82.9276,1705.7796,1360.0796
1,259.1962,5179.924,4428.691
1,175.5054,2451.4756,2903.439
1,164.75,1498.05,2633.5503
1,249.0408,3755.112,4035.6255
1,104.799,1238.388,1656.1267
1,160.3604,2852.2872,2600.5789
1,44.2428,703.0848,740.68805
1,41.048,479.376,740.9561
1,49.8008,759.012,816.7053
1,149.8076,2808.3444,2431.8062
0,126.9994,385.4982,314.648
1,120.5098,1807.647,2101.1377
0,121.373,369.519,311.50705
0,238.0248,711.0744,576.12213
0,175.037,529.311,358.06232
1,244.6144,2695.1584,4009.1804
1,83.6592,1320.9472,1351.1246
1,223.0088,671.1264,3689.8381
3,195.7768,3547.3824,5275.923
2,121.044,1557.972,1779.0541
1,208.4954,6251.862,3576.6538
1,190.8504,3643.2576,3178.4429
0,99.2068,97.2068,266.13983
2,162.721,978.726,2422.2192
0,65.0826,193.7478,241.8247
1,199.5084,3372.9428,3165.7441
1,180.7976,6157.3184,2903.401
1,57.2614,1049.9666,896.79926
1,111.3228,663.1368,1782.3148
1,97.741,1158.492,1516.1324
1,186.7556,2816.334,3226.4622
1,222.5456,5305.0944,3701.348
3,120.7414,4386.2904,3239.0815
1,214.3218,4274.436,3603.0134
3,187.124,3728.48,5108.616
1,231.9668,1842.9344,4003.8035
1,165.0842,2320.9788,2688.5361
1,173.9422,3103.9596,2881.7039
1,143.8812,3134.5864,2444.0547
2,114.1202,787.6414,1654.5847
1,216.4508,5426.27,3592.6562
1,46.5376,575.2512,770.5914
0,95.441,193.082,267.20068
3,38.019,1318.284,1036.2747
1,171.1422,2931.5174,2923.4866
1,199.0084,3174.5344,3108.7935
1,42.9112,426.112,745.0713
0,257.2962,517.9924,577.0084
1,62.351,822.263,920.13165
0,192.2162,384.8324,528.55536
1,39.3822,314.2576,712.107
3,231.601,7580.133,6446.5474
1,221.1114,4434.228,3528.5735
1,53.3956,600.5516,897.53906
1,37.3506,645.1602,670.9261
1,117.5492,1969.4364,1947.1265
1,111.6544,1565.9616,1847.7186
1,153.434,3981.484,2468.5518
1,101.0042,1289.6546,1681.1727
0,215.0192,1078.596,565.0335
1,160.9578,2246.4092,2648.8198
0,55.6614,165.7842,178.6544
0,131.4284,263.6568,297.73148
2,61.9194,619.194,767.5093
0,94.4778,93.8778,238.58002
1,158.4578,1444.1202,2606.223
0,166.0816,671.1264,419.5431
0,153.2998,461.3994,420.213
1,184.3924,4257.1252,3291.542
1,117.1808,703.0848,1930.8774
1,196.0426,2570.6538,3148.8247
1,101.2042,2281.6966,1663.7299
1,82.7566,1691.132,1387.7493
1,125.8362,2516.724,2123.0596
2,121.173,2093.941,1837.0256
1,229.201,3215.814,4026.435
0,119.5756,121.1756,287.5504
0,171.8422,1034.6532,497.87225
3,149.8708,3611.2992,3718.8418
1,178.2686,2666.529,2975.322
1,39.1822,1060.6194,710.14545
1,231.1984,5097.3648,3899.342
3,191.5504,5944.2624,5275.923
1,191.453,1707.777,3167.057
1,127.3652,1679.1476,2126.106
3,263.991,9467.676,3837.0422
0,93.5778,187.7556,275.78494
3,91.0146,3466.1548,2396.103
2,103.1332,1845.5976,1496.3505
0,43.4454,41.9454,136.44911
1,159.9604,2218.4456,2630.197
0,176.037,352.874,542.2831
1,40.0164,1312.9576,716.4936
1,39.348,719.064,701.05945
0,95.9752,95.8752,286.23624
1,35.4874,388.1614,727.3588
3,62.4194,2291.0178,1792.933
1,57.1904,1640.5312,898.3343
2,101.8332,1025.332,1430.2344
1,51.335,1198.44,773.8042
0,222.0772,889.5088,578.4742
3,124.3704,3004.0896,3238.6624
1,157.4262,3978.155,2600.5789
1,217.9508,2821.6604,3540.5977
1,166.0526,1480.0734,2957.1763
0,108.4254,217.0508,286.97534
1,45.6086,356.8688,768.4624
1,58.193,848.895,899.9346
3,229.1326,7393.0432,6596.6123
1,225.3088,5816.4288,3730.5242
1,246.7144,6615.3888,4051.3718
1,119.6124,2014.7108,2018.1771
1,163.5526,2302.3364,2755.2095
1,111.186,1245.046,1892.4009
0,41.8454,41.9454,139.22073
2,140.718,2656.542,1922.9698
1,198.1426,988.713,3211.4497
1,115.1518,683.1108,1920.5498
0,258.9962,258.9962,741.0857
1,231.2984,3243.7776,3781.6006
1,145.1102,1603.9122,2340.6978
0,164.0526,164.4526,428.8924
1,127.3652,1549.9824,2073.2166
1,144.8102,3062.0142,2448.2053
1,212.9902,3185.853,3496.9329
1,120.8756,1575.2828,2025.6676
1,264.891,4996.829,4545.6157
1,133.4942,1457.4362,2139.926
1,145.0102,1895.5326,2389.4832
3,232.63,5359.69,6235.3022
1,95.212,838.908,1518.1759
2,59.322,539.298,750.1954
1,159.2946,1893.5352,2594.2537
1,76.467,1531.34,1277.4901
3,153.0656,6024.1584,3716.49
1,107.0622,741.0354,1690.7261
1,242.7828,3167.8764,4167.7227
1,126.002,2150.534,2137.8228
1,94.4436,1134.5232,1498.8613
1,98.1068,1458.102,1511.451
1,178.366,4673.916,2512.1208
1,65.9142,790.9704,1030.1621
1,234.4958,1402.1748,3924.135
1,129.9652,2324.9736,2170.0552
1,183.6266,1844.266,3065.2566
0,41.548,79.896,132.7081
1,34.4874,494.0236,686.61456
1,61.351,1201.769,912.6834
2,160.6578,1925.4936,2427.5657
1,231.8984,4633.968,3844.7102
1,91.4488,1086.5856,1477.8658
2,80.2618,644.4944,1124.4369
1,165.85,1830.95,2603.9321
1,188.553,3795.06,3167.0188
1,77.5986,1947.465,1281.4576
0,155.1998,307.5996,370.10715
1,86.1856,1406.1696,1406.0198
1,38.7164,579.246,697.93384
1,253.6356,5086.712,3962.7764
1,214.6218,1923.4962,3505.563
0,111.586,339.558,308.14688
1,230.901,4364.319,4069.1458
1,61.351,822.263,920.13165
1,179.5976,2535.3664,2871.7444
1,49.0692,295.6152,769.161
1,216.0192,2372.9112,3508.861
1,88.6198,1395.5168,1451.0032
1,229.4352,4809.7392,4010.3699
2,191.9504,5369.0112,2837.6394
1,37.8822,589.233,679.52673
1,50.6008,404.8064,776.2965
0,143.8102,291.6204,377.93115
1,126.302,3036.048,2137.8608
1,155.663,2034.019,2451.2393
1,161.921,2120.573,2651.7915
1,46.306,699.09,774.7125
1,140.8154,1843.6002,2176.9287
0,128.7994,128.4994,308.07285
1,120.0756,2302.3364,2006.4662
2,38.0506,265.6542,535.7233
3,237.7248,2607.2728,6122.5845
1,39.3822,353.5398,732.6569
1,191.1504,1725.7536,3148.8247
1,126.7336,639.168,2085.8145
1,155.5288,1571.288,2472.8296
3,81.3618,1530.6742,2129.2163
1,122.5098,1084.5882,2060.2742
0,141.718,419.454,362.94516
1,164.2842,2818.3314,2628.9148
1,105.6306,418.1224,1650.6089
2,56.2272,559.272,753.0205
1,76.0986,623.1888,1237.7305
0,175.037,352.874,467.86746
3,142.2496,2399.5432,3306.8499
3,129.9994,3340.9844,3372.2466
1,102.0648,1038.648,1655.4116
2,110.9544,335.5632,1497.2693
3,109.1886,4225.1668,2770.6738
1,193.0504,2492.7552,3201.1777
1,163.3526,2631.2416,2691.1516
2,111.8544,1454.1072,1568.5776
1,119.7466,4006.7844,1929.5115
1,171.8422,2069.3064,2914.2595
1,120.1782,2026.0294,2084.5237
2,88.183,719.064,1183.6692
1,50.6982,736.3748,780.81085
1,197.1084,2182.4924,3151.1765
1,121.8388,3219.8088,2107.5308
1,104.2964,1998.7316,1661.1083
1,159.4604,316.9208,2614.7996
0,250.9408,1001.3632,685.47925
1,83.2592,1155.8288,1373.9143
1,236.3564,2145.2076,3930.3792
3,164.321,5546.114,4165.2896
1,95.141,2220.443,1539.4371
1,58.8588,973.3996,932.67865
1,116.4492,2316.984,1920.7286
1,140.3838,1404.838,2126.5818
1,129.3994,3340.9844,2226.8198
1,187.9872,2458.1336,3148.7866
1,91.1804,1929.4884,1420.2031
2,114.686,1358.232,1707.4673
1,180.3318,3428.2042,2909.3037
2,186.5924,4442.2176,2929.717
3,55.7298,1024.6662,1761.9868
1,181.9608,1653.8472,3473.045
2,94.741,1061.951,1374.514
0,111.6544,335.5632,296.1416
1,44.7744,181.0976,727.4116
1,56.793,848.895,899.9346
1,99.8726,587.2356,1654.2291
1,259.2646,3091.9752,3994.4353
1,180.566,3415.554,2904.2744
1,88.1198,1744.396,1363.5312
1,218.0508,3038.7112,3549.1936
1,98.6726,782.9808,1586.2244
1,115.8808,1757.712,1961.144
1,92.6436,1039.9796,1447.0094
1,46.3402,275.6412,808.2247
3,155.963,3285.723,3818.8853
1,148.0418,2059.9852,2393.799
3,179.0976,5976.2208,4803.2495
0,65.4826,258.3304,223.65524
1,179.866,2696.49,2887.5205
1,196.5084,595.2252,3151.1384
1,122.8072,857.5504,2070.8833
1,165.3526,1151.1682,2662.2222
1,163.2894,4530.1032,2701.411
1,155.0998,3691.1952,2379.6245
0,124.2388,247.6776,297.40875
1,96.341,193.082,1513.6619
1,98.0042,1587.2672,1525.2087
1,35.8848,596.5568,670.9261
1,59.2536,735.0432,905.1991
1,56.493,509.337,934.27893
0,110.7228,331.5684,275.57324
1,118.4124,3199.8348,1917.3298
1,99.0042,694.4294,1688.613
0,36.419,109.857,103.785515
1,120.9072,1470.0864,2132.0964
2,100.8332,1537.998,1411.3937
2,265.1884,6359.7216,3880.98
1,169.7764,3263.7516,2777.4358
1,138.718,1398.18,2133.5627
1,149.4708,1354.2372,2468.0872
1,180.2002,5193.9058,2891.0715
1,130.131,1557.972,2137.46
1,77.6012,986.7156,1302.4741
1,93.7436,1701.7848,1513.2935
1,157.0288,2199.8032,2516.9731
1,96.5094,1332.9316,1541.7473
3,120.9756,2787.0388,3252.2073
1,125.073,1108.557,2093.4033
1,164.7526,1315.6208,2656.212
1,106.1622,2117.244,1661.1083
1,95.841,2027.361,1513.2565
1,36.3216,415.4592,670.1317
0,190.8846,191.0846,550.0748
1,195.211,2553.343,3151.1384
1,98.7384,492.692,1577.4482
1,255.5356,9664.7528,4193.6226
1,37.4506,796.9626,687.3423
3,120.7098,3735.8038,3221.7131
3,167.4816,1006.6896,4340.983
1,174.7054,6303.7944,2899.792
0,251.2408,1001.3632,590.80396
2,120.6098,1807.647,1748.0099
1,128.7678,3052.0272,2053.142
0,109.1596,107.8596,304.00052
1,108.157,549.285,1647.3506
1,104.099,309.597,1658.7483
0,111.3202,337.5606,253.63713
1,258.8988,5396.9748,4012.5154
1,156.663,2816.334,2504.8281
3,122.4098,3735.8038,3262.5244
1,117.8782,2741.0986,2013.1693
1,42.6086,133.8258,750.0645
1,170.6764,3435.528,2914.825
1,180.666,4134.618,2973.6802
1,162.5526,5920.2936,2718.1924
1,221.5772,3558.0352,3577.5898
1,93.4094,856.8846,1478.0447
1,91.8146,2371.5796,1448.4269
1,79.6302,554.6114,1293.6202
0,102.9332,102.5332,267.38925
1,245.1802,5650.6446,4009.1804
1,85.125,2663.2,1375.8196
0,88.2514,88.5514,230.87326
2,151.434,1225.072,2202.7317
1,168.279,2376.906,2914.9397
0,144.476,146.476,377.1891
0,123.8388,123.8388,314.648
1,115.4518,2390.8878,2009.5438
1,148.705,1198.44,2572.7644
2,152.6366,1662.5026,2182.7278
1,183.7924,2591.2936,3169.4087
2,188.4898,4677.245,2739.0354
1,82.225,2746.425,1330.0134
2,154.2656,3398.2432,2194.41
1,245.4802,3193.8426,4122.3745
1,244.2512,3635.268,3953.2402
1,91.8462,2313.655,1438.8735
2,220.7798,6611.394,2994.4985
1,119.3098,1205.098,2002.4535
0,39.2506,75.9012,107.56107
3,94.312,2516.724,2597.3892
1,252.8382,6308.455,3898.7324
1,156.5288,1571.288,2481.789
1,120.1756,2059.9852,2006.4279
1,83.1566,1606.5754,1348.4243
1,112.7518,683.1108,1880.0955
1,219.3482,8323.8316,3448.002
1,150.005,1797.66,2490.201
1,64.751,126.502,1007.1332
1,89.783,2247.075,1421.3854
1,127.102,2024.032,2070.0645
1,143.7812,1994.7368,2488.464
1,128.7994,1798.9916,2020.0638
2,48.6376,575.2512,614.9673
1,110.2544,1454.1072,1755.6165
2,232.6984,2316.984,3407.4968
1,139.818,838.908,2255.1277
1,56.2614,773.6596,884.6917
1,140.3154,2552.6772,2194.7942
1,251.404,2277.036,4106.8354
2,143.1154,1843.6002,1880.6681
1,48.3718,614.5334,809.75
1,77.667,2220.443,1232.1714
1,221.7798,3085.3172,3654.2202
0,178.5318,180.4318,592.58673
1,221.1772,3113.2808,3438.9216
1,50.4034,340.2238,810.4288
1,176.2712,2988.1104,2895.3254
1,119.6124,2251.7356,2027.913
1,195.911,2946.165,3107.4365
2,194.3452,4502.1396,2876.0237
1,132.2626,2098.6016,2139.2727
3,48.4692,1034.6532,1412.835
1,169.7448,3238.4512,2809.5632
1,107.6622,1164.4842,1672.4038
1,95.6068,2332.9632,1582.6624
1,77.896,1278.336,1286.2604
3,37.8822,1021.3372,1008.801
1,45.3718,614.5334,777.8953
3,162.7894,5500.8396,4145.523
3,93.0436,2363.59,2529.288
1,194.6136,3110.6176,3182.1694
3,63.8168,958.752,1912.3743
0,169.979,169.779,438.37744
1,36.1506,721.0614,697.39777
1,95.9436,2741.7644,1530.661
1,79.5986,934.7832,1276.8147
1,249.0092,2988.1104,4015.6108
1,52.7956,1037.3164,876.7791
0,49.1034,194.4136,158.5106
2,151.9708,3611.2992,2188.9182
1,131.231,3635.268,2172.8125
0,80.2302,79.2302,255.99445
1,96.2068,3013.4108,1532.4801
1,152.8366,3778.415,2446.062
1,157.4604,3010.7476,2602.9153
2,111.286,2263.72,1574.0574
2,122.0072,1470.0864,1820.2374
0,163.2868,491.3604,435.97433
3,109.5228,3426.2068,2770.6738
1,235.5248,4740.496,4001.6729
0,142.5154,141.8154,319.31854
2,35.7216,69.2432,564.2041
2,101.799,1960.781,1483.7731
3,143.047,3578.675,3297.976
1,172.4106,4277.765,2885.2068
1,113.6176,2862.94,1966.7681
0,44.0402,91.8804,177.82045
0,228.0352,458.0704,610.2036
3,94.741,1641.197,2531.1887
1,104.5332,1845.5976,1650.6089
1,106.1938,1607.907,1658.95
1,133.1942,2782.3782,2137.5361
1,227.3694,4567.388,3917.5479
0,155.1314,155.1314,377.93115
2,157.6972,2960.1468,2415.1052
1,180.5634,2726.451,2893.8684
0,173.6764,515.3292,485.62677
1,172.908,2769.728,2923.3318
1,229.7668,3916.2356,3861.3723
1,62.151,1201.769,920.13165
1,227.5694,3653.9104,3946.0732
0,115.9492,231.6984,282.6228
2,176.2712,1230.3984,2732.7346
0,55.7614,110.5228,206.90485
1,99.8016,607.2096,1680.8568
2,104.799,1341.587,1449.3336
1,102.2016,1416.8224,1670.1416
3,261.091,5522.811,6407.351
2,160.3578,1765.0358,2341.591
1,122.0388,1238.388,2078.6064
2,84.9566,1014.6792,1203.4005
1,150.9366,3476.1418,2446.4648
3,87.9856,3251.7672,2344.2886
0,85.3198,261.6594,254.05211
1,35.7216,519.324,690.4885
0,196.011,589.233,499.6457
1,124.902,1897.53,2070.0264
1,161.8236,1611.236,2612.773
3,258.7278,5466.8838,6280.0376
3,170.7132,4904.2828,4542.061
1,99.7726,978.726,1732.4744
0,49.4376,191.7504,184.33093
3,111.1202,3150.5656,2877.9307
1,159.6578,3048.6982,2640.7444
1,89.7172,1159.8236,1415.1304
1,117.8466,942.7728,1917.3298
1,154.463,2190.482,2411.0188
2,109.057,1428.141,1423.2368
0,173.8738,347.5476,613.5501
1,148.0734,1930.1542,2461.4624
1,146.6076,2364.9216,2515.293
3,222.0114,6207.9192,5456.0596
3,46.3376,2109.2544,1113.7015
0,141.8838,280.9676,312.7293
0,92.2778,469.389,260.15472
2,242.7512,1938.8096,3429.964
1,191.1504,4410.2592,3178.4429
1,123.8414,1340.2554,2100.9382
1,192.2478,1356.2346,3151.1765
3,179.4344,5888.3352,4792.0244
1,192.682,3861.64,3182.5706
1,52.3298,269.649,768.38727
2,116.4466,1178.466,1626.9019
1,35.4216,450.0808,659.91223
1,232.6958,5375.0034,3801.4792
1,79.8986,1090.5804,1278.1993
1,142.3496,3246.4408,2198.7676
1,95.441,3282.394,1539.616
1,92.6804,1010.6844,1473.4836
1,143.547,1431.47,2139.926
1,189.8214,942.107,3065.2566
1,115.1834,1958.1178,1934.8508
1,185.5924,3146.5708,3151.1765
2,85.3566,591.8962,1202.604
1,170.4422,2759.0752,2939.7827
1,221.7456,6410.3224,3651.8684
1,39.9138,690.4346,699.8359
3,130.7942,3047.3666,3297.976
3,81.9934,3439.5228,2268.8433
1,152.0024,2884.2456,2509.3813
1,36.2506,834.9132,677.56744
1,145.7444,3193.1768,2425.7188
1,104.899,1960.781,1659.3467
1,55.1956,491.3604,918.91205
1,127.3336,1150.5024,2110.2578
1,52.3008,2226.4352,768.38727
2,33.2874,635.1732,599.2396
1,55.2614,718.3982,888.89
1,173.6054,700.4216,2893.8684
0,158.4604,158.4604,421.48038
1,163.121,1794.331,2664.8354
1,62.7168,958.752,921.61536
2,77.2986,1012.6818,1114.8997
1,160.292,1438.128,2600.5789
1,238.188,5033.448,3920.4424
1,51.4666,974.0654,808.2247
1,151.8366,1057.9562,2434.4575
1,232.4958,2804.3496,3861.0542
1,174.0396,2093.2752,2883.8113
1,236.5564,5243.8408,3919.3567
1,111.586,3395.58,1833.6318
1,43.7086,892.172,707.6466
0,40.9822,157.1288,114.16705
3,182.1608,5880.3456,5296.2793
1,265.7884,3974.826,4064.938
1,74.7354,1655.1788,1138.2249
1,261.191,3155.892,4132.1133
3,197.3768,7488.9184,5258.5205
1,265.2568,4218.5088,4796.6084
1,115.7492,579.246,1922.3114
0,167.95,166.45,382.1682
2,125.0046,1743.0644,1794.975
1,198.9084,4761.8016,3136.088
1,108.7596,2588.6304,1690.7261
3,196.1136,6026.8216,5275.923
1,235.5248,4740.496,3980.85
1,139.1838,1685.8056,2133.6008
1,97.441,772.328,1527.9999
1,57.2614,1547.3192,898.3343
1,144.947,4294.41,2443.1572
1,228.6668,4146.6024,3832.3777
3,235.259,5672.616,6343.5933
1,127.0994,1927.491,2140.722
1,45.9428,307.5996,778.9451
1,46.4744,950.7624,808.2247
1,125.6388,1733.7432,2134.412
2,106.628,639.168,1476.2427
0,109.1886,222.3772,297.31305
0,182.3976,724.3904,590.9033
2,178.566,2516.724,2616.8533
0,181.695,549.285,527.4336
1,146.5418,2501.4106,2429.693
1,183.2608,2940.1728,3219.0752
1,181.895,732.38,3352.5674
1,217.585,4327.7,3541.3674
1,164.7184,3962.8416,2755.2095
1,187.424,3169.208,3171.4858
1,47.7718,1039.9796,799.18304
1,151.0708,1805.6496,2438.469
0,177.6028,531.3084,543.82
1,89.4856,1142.5128,1447.0298
1,169.7816,2013.3792,2837.9521
1,194.7452,1370.2164,3226.5002
1,119.4756,1090.5804,1931.7566
1,49.9324,259.662,807.39813
2,162.8894,647.1576,2523.8276
1,120.1098,2892.2352,2010.3317
1,161.492,3515.424,2699.9602
0,155.2972,311.5944,422.08716
1,175.437,3175.866,2887.5586
2,174.0054,2101.2648,2632.6194
2,129.6994,1413.4934,1876.149
1,140.2496,2681.8424,2167.1924
1,59.5904,761.6752,903.9036
1,89.0488,1267.6832,1424.6437
3,125.202,2783.044,3241.0142
2,102.5306,1358.8978,1487.3955
1,192.7478,2131.2258,2666.9197
1,184.4292,3101.2964,3157.4482
2,93.3436,1323.6104,1266.9315
1,119.8414,365.5242,2099.0725
0,61.1536,61.2536,225.87871
1,61.0194,1052.6298,926.4153
1,165.1526,1480.0734,2656.1738
1,189.6188,2285.0256,3252.92
3,98.6068,2430.17,2622.1685
0,165.65,665.8,442.28403
1,38.3164,502.0132,736.91907
1,37.9848,782.9808,692.2355
1,65.4142,1516.0266,1018.9719
1,87.2514,265.6542,1345.1136
2,239.1538,480.7076,3473.216
0,179.9318,360.8636,574.6049
1,66.0142,988.713,1059.7799
1,163.3526,3453.5046,2704.0498
1,163.0526,2302.3364,2680.6482
0,156.8604,316.9208,411.46982
1,101.9016,2631.2416,1661.1083
1,126.9994,1798.9916,2170.34
1,196.5768,5715.2272,3167.057
3,58.3562,1125.8678,1759.5444
0,153.3656,463.3968,372.45908
1,41.1138,690.4346,708.6382
1,119.1098,964.0784,1995.7296
2,96.4436,2741.7644,1294.8186
1,193.482,2510.066,3183.9358
0,176.7686,888.843,517.16833
1,219.7798,2644.5576,3451.839
1,52.364,745.696,780.2699
3,198.8084,5555.4352,5281.1255
1,49.8666,563.9326,781.73236
0,121.373,246.346,346.97647
1,40.948,319.584,699.635
0,143.9128,143.8128,381.86276
1,179.2344,2141.2128,3048.3425
2,180.4344,535.3032,2727.958
3,113.1544,3355.632,3025.402
2,176.837,1411.496,2662.8613
1,43.677,562.601,716.2271
2,50.2666,820.2656,646.3262
1,166.3526,986.7156,2826.1738
1,213.756,1065.28,3562.23
1,196.5084,3769.7596,3159.6785
1,125.5704,3880.2824,2145.77
1,51.5324,882.8508,773.8042
1,226.172,3848.324,3671.7493
1,177.3344,1605.9096,2863.9656
1,121.1098,2651.2156,2156.2703
2,161.3578,4492.8184,2391.0066
3,74.2012,1290.3204,2016.6921
1,42.3112,1065.28,740.26874
1,166.6184,1155.8288,2912.3923
1,175.437,2999.429,2888.9333
1,103.899,2889.572,1720.4003
0,176.437,529.311,463.13745
2,244.1486,2687.8346,3509.484
1,167.2158,3008.0844,2809.5251
1,194.2478,2324.9736,3226.5002
1,140.4812,2422.1804,2172.778
1,260.2962,1035.9848,3968.1804
0,147.3102,291.6204,388.34937
1,114.4518,2390.8878,1946.9476
1,64.3484,2218.4456,1063.7533
1,117.815,2330.3,2013.5172
1,62.5168,1534.0032,921.73047
1,115.4176,687.1056,1916.143
1,155.1288,1414.1592,2497.0027
1,143.4786,1589.2646,2151.284
1,216.6166,4136.6154,3485.5527
1,119.2098,1325.6078,1942.9742
3,109.957,4504.137,2875.058
1,169.0132,1860.2452,2814.8167
0,262.291,525.982,676.055
1,218.185,5193.24,3528.5735
3,117.5782,2741.0986,3071.605
0,198.011,392.822,671.1289
1,38.5822,353.5398,694.69836
1,129.1678,1017.3424,2103.3577
1,145.8102,1895.5326,2557.871
1,55.1298,1240.3854,925.9402
1,196.9426,2768.3964,3145.3206
3,94.0462,1850.924,2575.1304
1,197.011,3338.987,3073.9182
1,237.9248,2133.2232,3991.5176
1,195.411,2749.754,3226.5002
1,171.9764,2404.8696,3109.7305
1,214.4218,5343.045,3383.9692
1,101.0016,2631.2416,1664.3282
1,121.3098,2530.7058,2126.652
2,158.792,2556.672,2374.9592
1,149.3708,4514.124,2470.439
3,242.8486,3420.8804,6136.8945
1,150.2392,2684.5056,2468.0872
1,121.8072,2450.144,2079.9165
1,97.3042,1091.2462,1522.2983
1,104.3622,1905.5196,1672.4038
1,108.6254,1844.9318,1650.6089
1,265.5568,4482.1656,4598.4575
0,125.902,126.502,287.56168
1,217.5482,1095.241,3434.1575
1,227.6352,2748.4224,3922.853
1,121.8098,2048.6666,2118.7742
3,248.8092,3486.1288,6341.76
1,124.1704,1877.556,2137.9563
1,160.6578,3690.5294,2611.0881
1,48.6034,291.6204,813.8677
0,229.3694,228.3694,585.41266
1,222.0772,2001.3948,3575.3853
2,122.0098,2048.6666,2187.3066
1,98.2384,2167.8448,1505.2908
1,208.5638,2691.8294,3525.3752
1,107.8622,1058.622,1664.3666
1,163.821,1794.331,2698.8308
0,114.1492,115.8492,269.3179
1,130.4994,2184.4898,2039.9012
0,116.6834,460.7336,289.76614
1,86.6224,1704.448,1383.2472
2,37.719,549.285,491.2494
1,153.6682,3506.7686,2393.799
0,112.0518,113.8518,290.82428
2,48.2376,527.3136,653.8038
2,159.692,5592.72,2360.6453
1,173.5738,2954.1546,2770.1733
1,155.263,1721.093,2451.3682
1,193.4162,2116.5782,3141.2437
1,159.0578,2085.9514,2600.5789
1,86.1224,426.112,1380.2603
1,102.4016,2732.4432,1687.7638
0,50.8008,101.2016,173.49927
2,63.4826,774.9912,914.6889
1,250.1092,4233.1564,3864.5234
1,104.0332,1435.4648,1660.9786
1,185.7556,3942.8676,3020.4565
0,109.2228,221.0456,340.03223
0,140.318,139.818,368.86206
1,171.0106,4106.6544,2887.5586
3,96.641,1544.656,2593.2554
1,121.9414,1462.0968,2087.3823
2,128.1994,2184.4898,1852.9333
1,120.0098,1687.1372,2000.0632
2,99.7384,295.6152,1456.3873
0,109.9254,108.5254,285.92245
1,231.1668,7602.1044,3864.7249
1,156.4656,2162.5184,2581.822
2,127.1678,3560.6984,1865.2006
0,163.221,326.242,430.52844
1,226.5404,4500.808,3643.7341
1,173.3738,2085.2856,2979.0554
1,55.0298,539.298,898.4109
1,75.5354,1956.1204,1260.6484
0,154.4682,152.4682,374.83716
1,207.7638,3520.0846,3600.659
0,148.076,146.476,377.1891
1,96.1068,1846.9292,1533.8727
1,117.6492,1158.492,1979.926
1,53.8614,221.0456,889.6416
1,78.5328,695.0952,1316.5933
0,121.7414,365.5242,314.76633
2,169.9764,2748.4224,2579.2822
0,55.9298,107.8596,205.45036
3,153.9998,5229.1932,3716.49
1,132.5284,1713.7692,2212.7832
3,158.7946,5522.811,3979.9622
1,172.3422,5690.5926,3051.0945
2,154.1314,3412.8908,2165.2498
1,141.5154,850.8924,2133.5627
0,152.0708,451.4124,364.39496
1,76.667,1531.34,1239.8068
3,175.3028,3719.1588,4725.297
1,125.9046,2365.5874,2060.55
2,192.1846,1146.5076,2820.1873
3,112.9176,3435.528,3134.727
3,174.2054,4377.635,4637.6265
1,245.8776,4210.5192,4248.3086
1,163.4552,974.7312,2689.8035
1,172.5106,2053.3272,2922.63
1,228.372,4527.44,4009.3472
1,118.344,2157.192,1946.9476
1,107.7596,323.5788,1664.9086
1,208.5638,2277.7018,3623.6296
1,73.4696,2087.9488,1092.161
1,162.3578,1604.578,2678.9866
2,109.5886,1000.6974,1479.5005
0,216.4824,218.3824,694.8332
1,111.986,792.302,1977.1871
1,227.1062,5642.655,3882.68
1,179.766,2336.958,2939.7314
2,126.1704,1877.556,1894.8065
3,154.7998,3383.5956,3718.8418
1,79.7644,1649.8524,1334.492
1,264.5226,3436.1938,4395.938
1,247.4434,2980.1208,4155.9995
1,87.983,1707.777,1361.3439
3,102.1016,3542.056,2685.6663
3,143.7812,4986.842,3793.1123
2,65.6168,383.5008,853.1745
3,151.0392,3281.0624,3793.1123
1,192.382,4247.804,3124.9812
3,143.647,2862.94,3749.949
1,178.0344,535.3032,2844.1038
2,265.1568,2109.2544,3579.046
1,162.421,1304.968,2774.2068
1,248.9092,2241.0828,4015.6108
1,93.512,1677.816,1448.4269
1,94.3752,1342.2528,1512.8552
1,115.6808,1406.1696,1957.8857
1,233.2958,4206.5244,3901.1643
2,117.8492,1506.0396,1629.0674
2,106.2938,1715.1008,1445.1052
0,185.1898,374.1796,597.71497
1,189.9872,1323.6104,3151.1765
2,82.4934,982.7208,1185.689
1,194.511,4910.275,3151.1765
2,102.3648,1557.972,1497.6501
1,140.9154,6381.693,2103.3958
1,33.5874,635.1732,725.988
1,218.9166,5660.6316,3485.5527
2,37.8506,265.6542,452.78583
1,153.3682,914.8092,2469.392
1,126.2336,1406.1696,2115.4707
1,246.046,1231.73,3927.9524
1,160.7262,1750.3882,2603.3213
3,114.715,1864.24,3050.5847
1,165.0842,994.7052,2680.7312
1,171.9422,3448.844,2893.8684
1,86.7882,1975.4286,1420.1412
1,85.6908,1929.4884,1411.1863
1,125.602,3036.048,2108.3381
1,186.7556,3942.8676,3116.5808
2,132.5626,262.3252,2051.7754
0,266.5884,1324.942,789.3287
1,130.531,1298.31,2137.46
0,57.4272,111.8544,206.90485
1,37.6164,308.9312,658.35474
1,227.801,3904.917,3971.7349
1,90.7488,543.2928,1428.555
2,74.3354,1880.885,923.1995
1,196.511,2749.754,3226.5002
1,230.8642,4414.9198,4015.8882
1,111.9518,1138.518,1887.6707
2,157.3972,778.986,2356.5088
1,41.7112,852.224,716.354
1,47.6692,739.038,808.9984
1,106.3596,2912.2092,1664.3666
1,45.9428,790.9704,770.5914
1,88.5856,703.0848,1418.685
3,198.9768,4729.8432,5258.5205
1,170.0474,4211.185,2875.6826
1,114.586,2942.836,1954.7157
1,238.7248,1659.1736,4219.0015
0,144.847,572.588,378.76877
1,107.957,2966.139,1650.6089
2,196.3426,1384.1982,2896.48
0,212.3218,427.4436,531.88696
1,243.1512,4604.6728,4011.5322
1,207.1296,3739.1328,3508.9426
1,196.811,3338.987,3180.7947
0,85.6198,87.2198,257.4878
1,257.7304,5683.2688,4180.6313
0,42.3796,123.8388,139.22073
1,248.675,4993.5,3932.0334
1,140.2496,2681.8424,2169.5442
3,117.4492,1621.8888,3094.5232
2,220.5456,3094.6384,2986.9094
0,158.792,319.584,406.7398
1,108.2912,2293.0152,1645.1527
1,89.1856,1845.5976,1421.3854
1,94.541,1061.951,1515.727
1,151.634,1990.742,2482.367
1,39.2848,521.9872,682.127
1,170.4132,4396.9432,2814.8167
1,59.9536,980.0576,903.2129
1,210.6586,5487.5236,3463.4395
1,86.5566,1860.2452,1414.2135
1,41.7112,383.5008,725.12994
1,119.9756,1938.8096,2132.2212
1,182.3292,3831.0132,3151.804
1,187.1872,3214.4824,3226.4622
1,127.1704,3004.0896,2090.655
2,148.1734,890.8404,2218.902
1,42.0454,629.181,713.44336
2,50.5008,253.004,699.8149
1,109.2254,976.7286,1647.3506
